CustomerID,Age,Gender,City,Education,MaritalStatus,AnnualIncome,SpendingScore,YearsEmployed,PurchaseFrequency,OnlineVisitsPerMonth,ReturnedItems,PreferredDevice,LastPurchaseAmount
1001,49,Male,Pune,Masters,Single,82953.0,66,23,7,28,2,Laptop,4926
1002,31,Male,Pune,PhD,Single,52295.0,43,4,3,24,4,Desktop,1269
1003,44,Male,Mumbai,,Single,70444.0,39,21,10,18,2,Laptop,2399
1004,23,Female,Mumbai,Masters,Married,46980.0,56,1,7,20,3,Mobile,1100
1005,34,Male,Pune,Masters,Married,67195.0,46,13,2,22,3,Tablet,1978
1006,28,Female,Bangalore,Bachelors,Married,62270.0,30,2,18,10,3,Mobile,3573
1007,26,Female,Hyderabad,,Single,,54,1,18,28,3,Desktop,661
1008,30,Female,Bangalore,PhD,Married,73453.0,50,5,15,10,3,Tablet,1516
1009,41,Male,Bangalore,,Single,75269.0,69,14,24,28,0,Tablet,879
1010,49,Male,Bangalore,Masters,Married,32486.0,33,23,8,26,2,Desktop,891
1011,53,Female,Mumbai,Masters,Married,65856.0,37,31,9,9,0,Laptop,3604
1012,43,Male,Hyderabad,,Single,93594.0,27,18,8,24,2,Laptop,2070
1013,21,Female,Delhi,PhD,Single,77232.0,34,1,1,7,1,Tablet,1002
1014,34,Male,Mumbai,Bachelors,Married,66989.0,32,8,19,9,0,Desktop,1063
1015,52,Male,Hyderabad,PhD,Married,65606.0,52,29,13,17,2,Laptop,1559
1016,33,Female,Pune,,Single,102458.0,51,6,2,12,4,Tablet,2097
1017,26,Female,Pune,PhD,Married,59404.0,55,3,11,28,3,Desktop,3802
1018,53,Male,Hyderabad,Masters,Single,62157.0,25,33,20,15,0,Mobile,1782
1019,26,Male,Pune,,Married,43800.0,95,1,1,21,1,Mobile,1163
1020,35,Female,Hyderabad,Masters,Single,74298.0,14,13,9,22,0,Mobile,2353
1021,32,Female,Pune,Masters,Single,91734.0,56,7,5,19,0,Tablet,1198
1022,22,Female,Bangalore,PhD,Married,61164.0,46,1,1,3,2,Laptop,2207
1023,46,Male,Pune,Masters,Single,113174.0,55,19,23,13,2,Laptop,4996
1024,44,Male,Hyderabad,,Single,98104.0,61,20,11,18,0,Tablet,3772
1025,26,Male,Delhi,Masters,Single,71993.0,38,1,4,21,1,Mobile,2486
1026,39,Male,Bangalore,PhD,Married,,57,16,1,10,1,Mobile,3419
1027,21,Male,Mumbai,PhD,Married,54334.0,44,1,23,12,2,Laptop,762
1028,36,Female,Mumbai,PhD,Single,70260.0,51,15,17,4,0,Tablet,4223
1029,25,Female,Chennai,,Married,67061.0,49,1,9,5,2,Mobile,2755
1030,23,Male,Delhi,Bachelors,Single,75009.0,50,1,24,22,2,Laptop,2148
1031,28,Male,Mumbai,Bachelors,Single,379426.0,5,5,16,27,2,Tablet,2700
1032,49,Male,Delhi,PhD,Married,73496.0,27,28,22,5,4,Laptop,4567
1033,53,Female,Mumbai,,Married,54976.0,32,30,20,26,2,Laptop,4996
1034,53,Female,Delhi,Masters,Married,65092.0,35,26,23,24,4,Desktop,1062
1035,28,Male,Pune,PhD,Single,31272.0,41,6,1,17,0,Mobile,3567
1036,39,Female,Bangalore,Bachelors,Single,70839.0,43,16,17,14,3,Laptop,2705
1037,49,Male,Chennai,Bachelors,Married,,57,24,9,7,4,Desktop,801
1038,51,Male,Chennai,PhD,Single,51009.0,40,29,1,5,1,Mobile,2316
1039,51,Male,Bangalore,Bachelors,Single,82601.0,69,26,24,20,1,Desktop,654
1040,22,Male,Chennai,Bachelors,Single,87448.0,58,1,11,24,4,Desktop,3306
1041,46,Female,Delhi,,Married,419963.0,5,24,7,27,3,Desktop,4615
1042,21,Female,Mumbai,Bachelors,Married,89080.0,51,1,12,21,3,Laptop,3274
1043,42,Male,Pune,Masters,Single,116293.0,8,20,22,28,1,Mobile,2215
1044,26,Male,Bangalore,PhD,Single,52137.0,44,1,1,10,4,Laptop,3551
1045,25,Male,Pune,Bachelors,Married,117780.0,64,1,23,10,3,Mobile,4864
1046,50,Male,Hyderabad,PhD,Single,56764.0,61,28,23,28,4,Mobile,616
1047,43,Female,Delhi,Bachelors,Married,54563.0,74,17,1,17,1,Laptop,1059
1048,45,Male,Pune,PhD,Married,73677.0,53,18,7,7,4,Desktop,2794
1049,23,Male,Bangalore,Masters,Single,46328.0,54,1,22,27,4,Mobile,4545
1050,48,Female,Mumbai,Masters,Single,64386.0,38,24,20,7,3,Laptop,3459
1051,46,Male,Chennai,PhD,Married,,43,25,1,7,1,Mobile,3349
1052,51,Female,Pune,Bachelors,Single,71170.0,80,30,1,26,4,Tablet,3587
1053,44,Male,Pune,PhD,Single,65950.0,47,17,20,26,3,Tablet,4246
1054,53,Male,Pune,Masters,Single,79624.0,51,33,12,5,0,Tablet,4413
1055,49,Female,Bangalore,Bachelors,Married,,29,25,19,20,2,Tablet,3274
1056,37,Female,Mumbai,PhD,Married,,35,16,2,21,0,Laptop,4474
1057,24,Female,Hyderabad,Bachelors,Single,89040.0,63,3,24,6,0,Mobile,3848
1058,30,Male,Hyderabad,Bachelors,Married,84945.0,52,6,17,5,3,Laptop,2643
1059,44,Male,Delhi,Masters,Single,101057.0,33,18,3,11,0,Tablet,4452
1060,40,Male,Pune,Bachelors,Married,39100.0,39,13,19,19,3,Desktop,895
1061,39,Male,Mumbai,Bachelors,Single,77840.0,42,16,20,21,1,Desktop,643
1062,25,Female,Chennai,PhD,Single,92470.0,73,3,21,6,4,Tablet,3722
1063,36,Male,Chennai,Bachelors,Married,106273.0,44,16,15,14,0,Laptop,1453
1064,37,Female,Delhi,Masters,Single,64831.0,64,13,8,12,0,Laptop,3493
1065,47,Male,Chennai,Masters,Married,70887.0,28,26,6,21,4,Mobile,2356
1066,42,Female,Delhi,PhD,Married,75797.0,42,19,13,6,3,Tablet,3641
1067,51,Male,Delhi,Bachelors,Married,76218.0,66,29,10,28,2,Mobile,4634
1068,23,Female,Delhi,PhD,Married,69629.0,41,1,20,10,4,Desktop,1394
1069,21,Male,Chennai,PhD,Single,79853.0,45,1,17,27,0,Tablet,633
1070,52,Female,Bangalore,PhD,Single,74481.0,45,28,5,6,2,Tablet,4012
1071,38,Female,Hyderabad,Masters,Single,99022.0,54,12,1,23,2,Tablet,3203
1072,43,Female,Delhi,Masters,Married,67134.0,37,23,24,23,1,Laptop,4685
1073,28,Female,Pune,PhD,Single,54861.0,35,7,5,11,3,Tablet,4275
1074,47,Male,Delhi,Masters,Single,104554.0,16,22,16,15,2,Desktop,3824
1075,26,Female,Chennai,Masters,Married,103693.0,13,5,2,12,1,Laptop,1515
1076,53,Male,Pune,Bachelors,Married,75909.0,28,28,22,29,2,Tablet,4500
1077,54,Male,Pune,Masters,Single,38111.0,43,34,16,25,3,Laptop,2500
1078,25,Male,Mumbai,Masters,Single,76390.0,47,1,23,7,4,Desktop,3224
1079,30,Male,Pune,PhD,Married,42985.0,41,9,9,16,0,Desktop,4646
1080,33,Male,Pune,PhD,Single,84232.0,26,10,2,10,1,Mobile,749
1081,54,Male,Mumbai,PhD,Married,72297.0,68,29,12,3,3,Mobile,888
1082,50,Male,Chennai,Bachelors,Married,78274.0,64,25,15,25,4,Tablet,4481
1083,22,Female,Hyderabad,PhD,Married,61326.0,42,1,2,8,1,Desktop,1858
1084,47,Female,Chennai,Masters,Single,64611.0,57,25,6,3,3,Tablet,3677
1085,37,Female,Pune,Bachelors,Married,66106.0,68,13,17,12,0,Desktop,4079
1086,40,Female,Mumbai,Masters,Married,72560.0,38,13,2,15,2,Tablet,4638
1087,31,Male,Mumbai,Bachelors,Single,26502.0,85,9,16,13,3,Desktop,4955
1088,24,Male,Bangalore,Masters,Married,89942.0,38,1,18,28,2,Tablet,4400
1089,42,Female,Bangalore,Bachelors,Married,103658.0,74,18,12,28,1,Desktop,2468
1090,34,Male,Hyderabad,Masters,Married,67961.0,47,13,15,27,2,Mobile,3378
1091,37,Female,Chennai,Masters,Single,73562.0,45,16,15,26,1,Desktop,4623
1092,43,Female,Chennai,Bachelors,Married,102899.0,35,18,14,29,2,Tablet,2146
1093,43,Female,Pune,Bachelors,Married,62835.0,60,18,19,17,0,Laptop,2575
1094,30,Male,Chennai,PhD,Single,48774.0,40,4,12,27,0,Mobile,4096
1095,40,Male,Chennai,Bachelors,Single,91106.0,51,20,13,20,3,Tablet,4706
1096,42,Male,Chennai,Masters,Married,111689.0,58,21,12,21,1,Desktop,2972
1097,26,Female,Delhi,Bachelors,Married,88523.0,70,3,24,29,4,Mobile,4312
1098,53,Male,Delhi,Bachelors,Single,56987.0,41,29,11,26,0,Mobile,742
1099,51,Male,Mumbai,Bachelors,Single,73479.0,58,24,11,6,0,Laptop,3051
1100,22,Male,Hyderabad,,Married,35076.0,92,1,13,14,4,Tablet,1641
1101,24,Male,Hyderabad,PhD,Single,82811.0,31,2,12,17,0,Laptop,4915
1102,31,Male,Hyderabad,Bachelors,Married,125675.0,10,5,1,8,1,Desktop,2539
1103,30,Male,Bangalore,PhD,Single,90125.0,33,6,1,7,0,Mobile,3332
1104,29,Female,Pune,PhD,Single,117797.0,27,7,3,19,4,Mobile,4527
1105,34,Female,Pune,Masters,Single,73394.0,46,10,12,5,2,Tablet,3060
1106,42,Female,Chennai,Bachelors,Married,258596.0,9,19,14,5,4,Tablet,3398
1107,34,Female,Pune,Bachelors,Married,64519.0,56,13,10,27,1,Laptop,2843
1108,28,Female,Hyderabad,PhD,Married,81050.0,48,2,6,3,0,Desktop,3212
1109,37,Female,Delhi,Bachelors,Single,83736.0,8,17,21,10,2,Tablet,3610
1110,26,Male,Chennai,PhD,Married,94294.0,27,1,10,22,4,Tablet,2535
1111,50,Female,Mumbai,Masters,Single,86563.0,57,24,23,3,3,Tablet,3145
1112,22,Female,Delhi,PhD,Married,102841.0,38,1,22,8,4,Mobile,3728
1113,28,Male,Bangalore,Bachelors,Married,18541.0,50,4,13,4,2,Desktop,594
1114,46,Male,Pune,Masters,Married,93639.0,46,24,10,10,1,Desktop,2849
1115,32,Male,Delhi,Bachelors,Married,73610.0,84,11,1,17,3,Laptop,3230
1116,32,Female,Chennai,PhD,Married,105643.0,47,9,24,7,1,Desktop,3556
1117,48,Female,Delhi,PhD,Married,43171.0,79,22,14,10,0,Tablet,4297
1118,31,Male,Bangalore,PhD,Single,63414.0,40,5,14,6,0,Tablet,3572
1119,35,Male,Mumbai,Bachelors,Married,97943.0,30,11,10,22,0,Tablet,4712
1120,46,Female,Bangalore,Bachelors,Married,65799.0,32,26,11,8,1,Laptop,3781
1121,47,Female,Bangalore,PhD,Single,73227.0,56,26,12,29,2,Tablet,1705
1122,44,Male,Hyderabad,Masters,Single,16062.0,55,24,24,3,0,Desktop,4880
1123,42,Male,Hyderabad,Masters,Married,64622.0,30,21,8,19,0,Desktop,2259
1124,33,Male,Bangalore,Masters,Married,54349.0,59,8,19,19,4,Mobile,2000
1125,50,Female,Chennai,Bachelors,Single,55743.0,50,23,14,21,1,Laptop,4789
1126,48,Female,Bangalore,Bachelors,Single,94921.0,9,28,4,3,4,Desktop,4650
1127,23,Male,Hyderabad,Masters,Married,80275.0,39,1,2,3,3,Desktop,2323
1128,27,Female,Delhi,PhD,Single,94444.0,8,3,3,26,2,Mobile,827
1129,23,Male,Pune,Bachelors,Married,45557.0,61,1,2,5,2,Mobile,4483
1130,24,Male,Hyderabad,Bachelors,Single,48378.0,59,1,23,18,1,Mobile,4925
1131,27,Female,Delhi,Bachelors,Single,76522.0,25,7,18,4,0,Tablet,4094
1132,22,Female,Bangalore,PhD,Single,38867.0,61,1,5,7,0,Tablet,4077
1133,42,Male,Chennai,Bachelors,Single,89436.0,41,19,17,20,2,Laptop,3780
1134,34,Male,Bangalore,Bachelors,Single,113104.0,47,14,7,11,2,Tablet,3041
1135,24,Female,Chennai,Bachelors,Married,44231.0,52,3,23,7,2,Tablet,2675
1136,41,Female,Hyderabad,PhD,Married,37408.0,60,20,17,7,0,Desktop,2122
1137,42,Male,Chennai,PhD,Married,52024.0,35,18,8,4,3,Tablet,954
1138,30,Male,Pune,PhD,Single,63534.0,64,6,14,4,3,Tablet,1886
1139,21,Male,Chennai,PhD,Married,72944.0,42,1,21,13,2,Tablet,1636
1140,54,Female,Pune,Masters,Single,79866.0,46,28,5,26,0,Desktop,2285
1141,40,Female,Delhi,PhD,Single,58487.0,50,18,13,13,1,Laptop,653
1142,22,Female,Delhi,PhD,Married,,31,1,1,27,4,Mobile,1438
1143,45,Female,Delhi,Masters,Single,,33,19,17,19,1,Desktop,4140
1144,32,Male,Pune,PhD,Married,95690.0,51,7,5,24,0,Desktop,4226
1145,46,Female,Hyderabad,Masters,Married,78592.0,47,26,23,28,4,Mobile,3657
1146,27,Male,Delhi,Masters,Married,77150.0,35,2,19,18,1,Mobile,1326
1147,43,Male,Pune,Bachelors,Married,92581.0,40,19,7,5,1,Mobile,1966
1148,37,Male,Mumbai,Bachelors,Married,41896.0,59,12,13,4,2,Mobile,3483
1149,46,Male,Chennai,PhD,Married,98883.0,11,20,24,19,3,Tablet,1420
1150,33,Female,Chennai,Bachelors,Married,17054.0,67,12,12,4,2,Laptop,3741
1151,54,Male,Bangalore,Masters,Married,82818.0,40,29,7,16,3,Tablet,4624
1152,49,Female,Bangalore,Masters,Married,115977.0,31,24,24,14,0,Desktop,4861
1153,50,Female,Hyderabad,Masters,Married,75739.0,13,30,1,19,2,Tablet,4000
1154,34,Female,Chennai,Masters,Single,49877.0,34,7,5,27,0,Laptop,3132
1155,35,Male,Chennai,Bachelors,Married,50930.0,45,15,5,7,2,Desktop,1306
1156,44,Female,Chennai,PhD,Single,,47,22,8,22,4,Desktop,1384
1157,30,Male,Hyderabad,PhD,Married,59649.0,39,8,17,28,2,Mobile,4345
1158,25,Female,Bangalore,PhD,Married,45016.0,59,1,9,5,3,Mobile,2413
1159,38,Female,Pune,Bachelors,Single,114713.0,27,13,15,27,0,Desktop,2433
1160,54,Female,Delhi,PhD,Married,62749.0,56,32,9,5,0,Mobile,1855
1161,29,Female,Delhi,PhD,Married,83170.0,73,3,2,26,3,Mobile,1474
1162,28,Male,Pune,PhD,Married,69337.0,73,6,6,7,3,Laptop,2211
1163,33,Female,Bangalore,PhD,Single,383.0,46,10,19,28,2,Desktop,2091
1164,54,Female,Bangalore,Bachelors,Married,37212.0,59,27,6,26,2,Mobile,2883
1165,48,Female,Chennai,Bachelors,Single,64675.0,43,28,13,13,4,Desktop,2216
1166,47,Male,Mumbai,Bachelors,Single,73897.0,42,22,13,28,0,Desktop,3219
1167,50,Male,Chennai,PhD,Single,77373.0,38,24,14,15,4,Laptop,2047
1168,22,Female,Chennai,Masters,Single,,38,1,9,19,1,Desktop,1507
1169,26,Male,Bangalore,Masters,Married,74987.0,68,4,2,17,4,Tablet,777
1170,24,Female,Pune,Masters,Married,,50,1,17,14,0,Tablet,1385
1171,21,Female,Chennai,Bachelors,Single,60397.0,49,1,18,16,4,Desktop,4247
1172,32,Female,Pune,Masters,Single,92732.0,34,6,11,28,1,Desktop,4053
1173,54,Male,Hyderabad,PhD,Married,71779.0,63,30,11,22,1,Tablet,3655
1174,42,Male,Hyderabad,Masters,Single,65551.0,29,20,21,17,4,Laptop,4526
1175,40,Male,Pune,Bachelors,Single,63126.0,70,15,1,28,3,Tablet,1433
1176,35,Male,Hyderabad,Masters,Single,44969.0,72,14,15,14,2,Mobile,2107
1177,45,Female,Pune,Masters,Single,102530.0,5,25,7,5,4,Laptop,1459
1178,44,Female,Hyderabad,PhD,Married,,61,21,20,6,0,Laptop,1516
1179,42,Female,Delhi,PhD,Married,87814.0,16,17,8,13,4,Mobile,3268
1180,28,Male,Mumbai,Bachelors,Married,66539.0,36,4,14,17,2,Tablet,1228
1181,53,Female,Bangalore,Masters,Single,50660.0,49,30,17,14,0,Desktop,3617
1182,52,Female,Hyderabad,Masters,Married,118040.0,36,26,20,3,1,Mobile,1435
1183,52,Female,Bangalore,PhD,Married,74167.0,14,31,1,11,4,Laptop,2449
1184,53,Female,Pune,Masters,Married,66419.0,35,29,2,8,1,Mobile,2209
1185,35,Male,Delhi,Masters,Single,72035.0,41,14,8,13,4,Mobile,1134
1186,26,Male,Chennai,Masters,Married,106239.0,44,6,8,10,1,Desktop,3889
1187,40,Male,Chennai,PhD,Single,63291.0,83,15,11,22,3,Desktop,3961
1188,42,Female,Bangalore,PhD,Married,58405.0,47,21,10,16,2,Laptop,2634
1189,32,Male,Delhi,Bachelors,Married,117371.0,30,8,19,25,3,Tablet,2427
1190,49,Female,Mumbai,Bachelors,Married,58740.0,47,23,12,20,1,Mobile,1161
1191,52,Male,Bangalore,Masters,Single,70760.0,47,25,10,21,2,Laptop,852
1192,27,Male,Bangalore,PhD,Single,92625.0,37,4,5,6,3,Laptop,1887
1193,40,Male,Delhi,,Single,38763.0,82,17,21,4,3,Tablet,3125
1194,35,Male,Mumbai,PhD,Married,81995.0,60,14,19,21,1,Laptop,1769
1195,32,Male,Mumbai,Bachelors,Married,99530.0,60,10,15,3,2,Laptop,4091
1196,50,Male,Mumbai,Masters,Single,,73,24,2,25,4,Laptop,4505
1197,34,Male,Pune,Bachelors,Married,106233.0,52,7,7,8,0,Desktop,3438
1198,45,Male,Chennai,PhD,Single,90940.0,37,25,5,3,3,Mobile,4523
1199,43,Female,Chennai,PhD,Single,78662.0,39,17,22,16,1,Mobile,3391
1200,50,Female,Chennai,PhD,Single,38868.0,45,30,11,14,0,Desktop,2860
1201,40,Female,Bangalore,Bachelors,Married,63567.0,78,17,17,26,3,Laptop,2703
1202,35,Female,Hyderabad,PhD,Married,64819.0,44,10,18,16,1,Desktop,1468
1203,40,Female,Chennai,PhD,Married,84652.0,41,19,5,3,0,Mobile,1729
1204,32,Male,Pune,PhD,Single,60381.0,11,11,11,4,0,Desktop,4368
1205,51,Male,Chennai,Masters,Married,27981.0,95,24,12,8,3,Desktop,4903
1206,36,Male,Delhi,Masters,Married,82255.0,27,15,18,23,0,Tablet,1514
1207,28,Male,Pune,Masters,Single,91461.0,39,4,22,17,1,Mobile,2974
1208,30,Male,Chennai,Bachelors,Married,118068.0,35,5,8,17,0,Laptop,1486
1209,28,Female,Pune,Bachelors,Married,92110.0,59,8,19,18,4,Tablet,1827
1210,25,Female,Pune,Bachelors,Married,76052.0,33,5,18,8,0,Tablet,3732
1211,45,Male,Mumbai,PhD,Married,63309.0,50,18,9,13,3,Laptop,4181
1212,24,Female,Hyderabad,Masters,Single,88029.0,40,1,13,11,2,Tablet,1888
1213,31,Female,Hyderabad,PhD,Single,72409.0,30,11,21,17,0,Tablet,3647
1214,27,Female,Pune,Masters,Married,52296.0,72,1,1,19,0,Tablet,3838
1215,28,Male,Hyderabad,PhD,Married,307522.0,8,3,21,28,1,Mobile,3001
1216,48,Male,Bangalore,PhD,Single,71792.0,27,24,15,14,3,Desktop,3330
1217,43,Female,Mumbai,Masters,Married,87098.0,57,18,11,15,4,Tablet,906
1218,36,Male,Bangalore,Bachelors,Single,,73,10,4,23,4,Mobile,1463
1219,47,Female,Chennai,PhD,Married,73597.0,66,23,16,12,3,Desktop,2181
1220,22,Female,Delhi,Bachelors,Single,48827.0,51,2,12,12,4,Tablet,4154
1221,40,Female,Pune,PhD,Married,79540.0,9,17,15,29,4,Tablet,1800
1222,42,Female,Hyderabad,Bachelors,Single,55960.0,38,19,10,26,1,Laptop,2160
1223,28,Male,Mumbai,Masters,Married,45122.0,40,1,5,6,1,Tablet,4183
1224,30,Female,Pune,Masters,Single,74789.0,33,10,1,25,1,Laptop,2084
1225,54,Male,Hyderabad,PhD,Married,66294.0,44,34,16,7,2,Mobile,1487
1226,27,Male,Chennai,Bachelors,Married,43471.0,62,1,13,27,0,Mobile,1269
1227,27,Female,Hyderabad,Masters,Married,57643.0,76,3,7,11,0,Tablet,3851
1228,39,Male,Delhi,Bachelors,Married,81379.0,68,16,7,15,3,Tablet,4948
1229,23,Male,Mumbai,Masters,Married,47984.0,39,3,9,9,3,Mobile,2304
1230,22,Female,Pune,Masters,Single,57563.0,59,1,21,10,1,Tablet,566
1231,23,Male,Hyderabad,PhD,Single,83899.0,72,1,2,25,3,Laptop,1161
1232,25,Female,Delhi,PhD,Single,96224.0,51,1,23,18,1,Laptop,2993
1233,50,Female,Mumbai,Bachelors,Single,23288.0,47,30,23,21,4,Mobile,4443
1234,21,Female,Chennai,PhD,Married,,52,1,22,20,0,Tablet,1512
1235,36,Female,Mumbai,Masters,Single,84162.0,57,13,14,6,0,Desktop,2101
1236,41,Female,Delhi,PhD,Single,71743.0,56,20,11,5,3,Tablet,2225
1237,43,Female,Chennai,Masters,Single,77771.0,81,22,3,24,2,Mobile,2690
1238,42,Female,Bangalore,PhD,Single,62303.0,54,19,15,19,1,Desktop,3225
1239,38,Male,Chennai,PhD,Single,88381.0,37,14,14,8,2,Tablet,4419
1240,27,Male,Bangalore,,Single,59074.0,62,4,3,4,2,Tablet,4725
1241,38,Male,Hyderabad,PhD,Single,71010.0,48,13,2,27,4,Mobile,4759
1242,51,Female,Chennai,PhD,Single,59674.0,62,26,3,11,0,Tablet,3029
1243,28,Female,Chennai,Masters,Married,71132.0,53,4,13,16,3,Mobile,3536
1244,26,Female,Bangalore,Masters,Single,80802.0,24,1,23,21,2,Desktop,2453
1245,30,Male,Delhi,Bachelors,Single,72973.0,40,10,9,25,2,Tablet,4476
1246,41,Female,Mumbai,PhD,Single,55817.0,61,21,7,18,3,Tablet,1108
1247,24,Female,Mumbai,PhD,Single,39314.0,65,1,20,6,3,Desktop,3802
1248,27,Male,Delhi,Masters,Single,94156.0,36,5,5,24,4,Laptop,4981
1249,47,Female,Mumbai,Bachelors,Single,59075.0,54,23,7,7,0,Laptop,3584
1250,41,Male,Hyderabad,PhD,Single,50117.0,49,20,11,23,3,Tablet,4778
1251,46,Male,Hyderabad,Masters,Single,61134.0,34,21,18,10,2,Laptop,4304
1252,49,Male,Pune,Masters,Single,79891.0,42,24,17,11,0,Desktop,3691
1253,29,Male,Chennai,PhD,Married,57887.0,75,9,1,12,1,Desktop,4397
1254,41,Male,Delhi,Masters,Single,98211.0,58,18,22,10,0,Tablet,578
1255,37,Female,Chennai,Masters,Married,90217.0,39,14,5,14,0,Desktop,2648
1256,28,Male,Hyderabad,Bachelors,Married,91861.0,50,4,3,26,0,Mobile,2168
1257,40,Female,Hyderabad,Bachelors,Single,54617.0,14,16,4,13,3,Tablet,4994
1258,39,Male,Delhi,Masters,Single,57782.0,66,13,5,7,1,Desktop,2073
1259,52,Male,Chennai,Masters,Single,82142.0,63,25,2,17,1,Desktop,1462
1260,24,Female,Mumbai,Masters,Single,89243.0,41,1,10,23,3,Tablet,1151
1261,47,Female,Bangalore,PhD,Married,69264.0,30,20,16,4,2,Laptop,1021
1262,35,Female,Chennai,PhD,Single,49103.0,20,15,18,24,3,Desktop,2961
1263,40,Male,Bangalore,Bachelors,Married,69082.0,76,16,17,26,4,Laptop,4566
1264,52,Female,Bangalore,Masters,Single,66657.0,50,27,13,23,3,Tablet,2259
1265,31,Male,Chennai,PhD,Married,76525.0,45,4,22,15,1,Mobile,4808
1266,35,Female,Hyderabad,PhD,Single,59427.0,56,12,19,25,3,Laptop,960
1267,42,Female,Chennai,Bachelors,Married,86068.0,55,20,3,24,2,Laptop,522
1268,49,Male,Pune,PhD,Single,76573.0,58,24,5,17,1,Tablet,4227
1269,28,Male,Chennai,Masters,Single,,48,8,4,10,2,Desktop,2355
1270,54,Female,Pune,Bachelors,Married,91998.0,28,32,14,9,2,Mobile,1422
1271,22,Male,Hyderabad,PhD,Married,83731.0,10,2,4,24,1,Laptop,3149
1272,32,Female,Pune,Bachelors,Married,85476.0,59,12,16,21,2,Desktop,1624
1273,24,Male,Bangalore,PhD,Married,104539.0,33,1,24,24,2,Mobile,2328
1274,41,Male,Mumbai,Bachelors,Married,39486.0,71,16,13,22,0,Tablet,3690
1275,27,Female,Delhi,Bachelors,Single,105843.0,40,4,5,18,1,Tablet,3447
1276,44,Male,Pune,Masters,Married,102122.0,63,23,19,19,2,Mobile,1163
1277,32,Female,Chennai,PhD,Married,71631.0,65,7,13,6,0,Desktop,1706
1278,53,Male,Chennai,PhD,Married,,45,32,15,13,0,Tablet,1519
1279,53,Female,Bangalore,PhD,Married,68734.0,80,33,15,29,3,Mobile,574
1280,29,Male,Hyderabad,Masters,Married,44933.0,56,8,10,20,2,Mobile,4196
1281,50,Female,Delhi,Masters,Married,103595.0,50,25,13,21,4,Laptop,4486
1282,46,Female,Chennai,Bachelors,Married,56173.0,15,24,20,19,4,Desktop,1203
1283,25,Male,Bangalore,,Married,69449.0,72,2,1,26,0,Tablet,3159
1284,26,Male,Bangalore,Bachelors,Married,77095.0,28,6,20,26,0,Mobile,1931
1285,50,Male,Pune,Masters,Married,52440.0,37,25,14,26,1,Desktop,3971
1286,51,Male,Hyderabad,Bachelors,Married,60395.0,58,30,9,15,3,Tablet,2219
1287,40,Male,Hyderabad,Bachelors,Married,21515.0,68,19,7,8,1,Desktop,1171
1288,31,Female,Mumbai,Bachelors,Single,93195.0,35,8,24,16,0,Laptop,4760
1289,41,Female,Hyderabad,Bachelors,Married,78920.0,33,20,5,26,0,Tablet,2438
1290,45,Male,Hyderabad,Masters,Married,37697.0,69,21,9,3,1,Laptop,1394
1291,27,Male,Chennai,,Married,90350.0,81,2,2,28,2,Mobile,4169
1292,37,Female,Pune,Masters,Single,68347.0,33,16,1,12,4,Tablet,4088
1293,22,Male,Pune,PhD,Single,78731.0,57,1,2,18,2,Tablet,4250
1294,42,Male,Mumbai,Bachelors,Single,70415.0,34,19,10,5,2,Desktop,2354
1295,52,Female,Chennai,PhD,Single,72569.0,61,26,4,16,3,Mobile,3291
1296,41,Female,Pune,PhD,Married,64163.0,23,15,17,4,0,Desktop,4470
1297,28,Male,Mumbai,Masters,Single,66390.0,94,5,6,9,3,Desktop,2314
1298,45,Female,Mumbai,PhD,Single,96189.0,32,23,19,13,3,Laptop,4157
1299,28,Male,Bangalore,PhD,Single,95412.0,30,1,5,23,0,Tablet,2785
1300,38,Female,Pune,Bachelors,Married,110396.0,10,17,2,9,2,Tablet,3424
1301,23,Female,Mumbai,PhD,Married,63304.0,41,1,8,7,3,Laptop,1187
1302,24,Male,Hyderabad,PhD,Single,55283.0,51,1,9,14,2,Laptop,4458
1303,36,Female,Hyderabad,Bachelors,Single,75301.0,44,16,21,15,1,Mobile,1783
1304,48,Female,Pune,Bachelors,Married,77797.0,32,23,3,3,3,Mobile,4364
1305,40,Female,Pune,Masters,Married,59520.0,29,19,3,11,3,Laptop,4057
1306,26,Female,Delhi,Masters,Single,75534.0,55,4,9,23,1,Mobile,1654
1307,32,Female,Chennai,Masters,Single,37520.0,54,9,24,28,0,Tablet,1480
1308,54,Female,Pune,Masters,Married,54319.0,58,34,11,27,0,Desktop,2174
1309,50,Female,Hyderabad,PhD,Single,60218.0,52,24,3,10,3,Tablet,1570
1310,26,Male,Delhi,Masters,Single,87356.0,36,6,15,8,4,Laptop,1836
1311,34,Female,Chennai,PhD,Married,77012.0,51,11,3,15,1,Laptop,1638
1312,53,Male,Delhi,PhD,Married,83451.0,71,28,2,26,3,Laptop,1339
1313,39,Female,Hyderabad,Masters,Married,68045.0,67,14,17,27,1,Tablet,2250
1314,42,Male,Chennai,PhD,Married,80817.0,57,15,20,15,0,Laptop,3310
1315,39,Female,Bangalore,Bachelors,Married,40566.0,47,13,21,6,0,Desktop,785
1316,29,Female,Delhi,PhD,Single,35995.0,60,2,14,13,4,Mobile,2262
1317,34,Female,Pune,Masters,Married,56887.0,50,9,8,4,0,Tablet,4508
1318,36,Male,Hyderabad,PhD,Single,59903.0,59,12,12,5,2,Tablet,2085
1319,41,Male,Chennai,PhD,Married,45481.0,62,15,5,5,3,Tablet,2544
1320,29,Male,Mumbai,,Married,47591.0,48,5,19,28,3,Tablet,905
1321,41,Female,Hyderabad,Masters,Single,98643.0,36,19,19,6,3,Laptop,1271
1322,42,Female,Hyderabad,Bachelors,Single,113418.0,34,19,2,26,1,Mobile,2894
1323,21,Female,Chennai,PhD,Married,57547.0,51,1,18,19,4,Laptop,4857
1324,46,Male,Delhi,PhD,Married,61413.0,37,24,1,27,4,Laptop,2144
1325,34,Female,Hyderabad,Masters,Married,44241.0,11,12,17,15,4,Tablet,2596
1326,28,Male,Delhi,Masters,Single,60300.0,59,6,7,23,4,Desktop,2468
1327,29,Male,Hyderabad,Masters,Married,,33,2,24,23,2,Laptop,4142
1328,33,Female,Mumbai,PhD,Married,62017.0,37,6,1,10,3,Laptop,518
1329,32,Male,Bangalore,PhD,Single,75342.0,52,5,12,18,0,Laptop,3872
1330,46,Female,Chennai,Bachelors,Married,334832.0,5,20,15,22,1,Laptop,4533
1331,24,Female,Pune,PhD,Single,81758.0,59,1,5,21,3,Laptop,1435
1332,40,Female,Pune,Masters,Married,80238.0,41,20,9,12,1,Tablet,2342
1333,31,Female,Hyderabad,Masters,Married,74134.0,56,7,3,22,2,Tablet,4085
1334,49,Male,Mumbai,Masters,Married,81175.0,57,24,12,5,2,Laptop,2356
1335,35,Female,Delhi,PhD,Single,66507.0,24,14,24,27,3,Desktop,2824
1336,38,Female,Hyderabad,PhD,Married,46127.0,64,15,21,8,1,Tablet,3759
1337,54,Female,Chennai,Masters,Single,75773.0,48,27,15,11,2,Tablet,2541
1338,53,Male,Delhi,Masters,Married,48180.0,44,26,5,9,3,Desktop,2091
1339,21,Female,Hyderabad,PhD,Married,66910.0,53,1,10,20,3,Laptop,1942
1340,51,Male,Mumbai,Bachelors,Single,36331.0,40,29,6,7,1,Laptop,4259
1341,32,Female,Delhi,PhD,Married,,31,7,13,20,4,Mobile,1899
1342,44,Male,Bangalore,PhD,Single,47705.0,51,22,14,24,2,Desktop,1757
1343,26,Female,Chennai,PhD,Single,69188.0,28,4,10,7,1,Tablet,2672
1344,43,Male,Bangalore,PhD,Single,93462.0,46,18,17,15,2,Mobile,2436
1345,52,Male,Chennai,Bachelors,Single,122658.0,8,25,13,24,4,Desktop,2890
1346,23,Male,Pune,Masters,Single,80856.0,56,2,17,23,3,Mobile,2056
1347,31,Male,Delhi,Masters,Married,45167.0,53,5,24,5,4,Desktop,1634
1348,54,Male,Hyderabad,Masters,Married,82621.0,33,32,3,20,0,Laptop,4235
1349,39,Female,Mumbai,PhD,Married,56122.0,55,15,5,19,4,Tablet,2711
1350,39,Male,Pune,Masters,Married,75317.0,71,13,12,24,4,Laptop,4329
1351,31,Female,Chennai,PhD,Married,75382.0,39,5,20,11,1,Mobile,1382
1352,39,Male,Mumbai,Bachelors,Married,69730.0,51,18,6,25,1,Tablet,2110
1353,53,Male,Delhi,Masters,Single,58086.0,68,28,11,27,2,Desktop,4325
1354,37,Female,Delhi,PhD,Single,67868.0,60,15,19,17,3,Tablet,1402
1355,29,Male,Bangalore,PhD,Single,66101.0,63,2,17,3,2,Desktop,2990
1356,25,Female,Pune,PhD,Married,87709.0,54,1,22,24,2,Mobile,4406
1357,30,Female,Delhi,PhD,Single,,59,9,12,4,0,Laptop,4235
1358,50,Female,Mumbai,Masters,Married,67525.0,41,30,5,3,4,Desktop,4736
1359,28,Female,Hyderabad,PhD,Single,79334.0,51,4,1,6,2,Laptop,2741
1360,43,Male,Hyderabad,Masters,Married,50803.0,64,23,4,8,2,Mobile,3926
1361,28,Male,Bangalore,PhD,Single,91935.0,69,6,2,15,4,Laptop,2630
1362,36,Female,Bangalore,PhD,Single,70024.0,33,15,10,18,3,Desktop,1997
1363,33,Female,Bangalore,Masters,Single,50039.0,38,6,7,5,2,Desktop,4201
1364,49,Male,Hyderabad,Masters,Married,39184.0,50,23,9,23,4,Mobile,2056
1365,39,Male,Pune,Bachelors,Single,99624.0,32,15,17,25,1,Mobile,2089
1366,40,Male,Hyderabad,Bachelors,Single,19530.0,83,13,14,22,4,Desktop,2807
1367,33,Female,Mumbai,Bachelors,Married,55223.0,62,11,23,16,1,Tablet,4949
1368,31,Female,Chennai,Masters,Married,53551.0,66,11,17,28,4,Mobile,2309
1369,52,Male,Pune,Masters,Single,63442.0,49,27,18,10,0,Laptop,2937
1370,25,Female,Hyderabad,Bachelors,Single,52831.0,66,2,11,27,0,Mobile,4732
1371,47,Female,Chennai,PhD,Married,90548.0,31,26,15,21,4,Desktop,1606
1372,26,Male,Chennai,Masters,Single,73696.0,52,1,17,28,1,Tablet,2448
1373,53,Male,Bangalore,PhD,Married,98454.0,54,30,10,17,4,Mobile,4488
1374,33,Male,Bangalore,PhD,Single,71773.0,48,9,9,23,3,Desktop,1816
1375,37,Male,Mumbai,PhD,Single,21495.0,55,13,9,5,1,Desktop,726
1376,27,Male,Bangalore,Bachelors,Married,74398.0,25,7,4,4,0,Laptop,4924
1377,31,Female,Hyderabad,PhD,Married,64539.0,52,6,13,25,4,Laptop,2272
1378,54,Male,Pune,PhD,Single,77528.0,30,34,18,5,3,Desktop,1439
1379,41,Male,Hyderabad,PhD,Single,51987.0,59,18,4,23,3,Desktop,734
1380,33,Male,Delhi,PhD,Married,80288.0,52,13,21,14,4,Tablet,4157
1381,33,Female,Mumbai,Masters,Married,,46,9,3,27,2,Laptop,2658
1382,37,Female,Mumbai,Bachelors,Married,68452.0,46,14,11,27,3,Laptop,1901
1383,46,Male,Hyderabad,Masters,Married,64620.0,70,21,16,17,0,Laptop,2651
1384,48,Female,Mumbai,Masters,Single,74632.0,61,27,10,29,0,Desktop,2197
1385,26,Male,Hyderabad,PhD,Single,72037.0,68,1,20,27,3,Mobile,1219
1386,33,Male,Bangalore,,Single,77115.0,56,7,11,10,0,Desktop,3530
1387,45,Female,Delhi,Bachelors,Single,24530.0,41,18,4,10,2,Laptop,4496
1388,49,Male,Pune,,Single,57601.0,84,28,23,14,1,Laptop,1015
1389,46,Male,Hyderabad,Masters,Married,70417.0,49,19,15,24,0,Desktop,2052
1390,46,Female,Delhi,Masters,Married,86657.0,46,23,10,29,4,Desktop,960
1391,28,Female,Delhi,Bachelors,Married,92457.0,49,1,15,22,3,Tablet,2092
1392,51,Male,Pune,Bachelors,Single,92290.0,58,31,18,7,3,Tablet,2795
1393,53,Female,Delhi,Bachelors,Single,90711.0,30,32,21,16,4,Tablet,4145
1394,42,Male,Chennai,PhD,Married,113752.0,8,17,13,5,4,Tablet,3067
1395,53,Female,Pune,PhD,Married,61415.0,56,33,6,11,3,Desktop,2390
1396,46,Female,Mumbai,Bachelors,Married,38037.0,59,21,18,21,1,Laptop,1783
1397,49,Male,Hyderabad,Bachelors,Single,97224.0,25,27,11,23,1,Mobile,1429
1398,28,Female,Mumbai,PhD,Single,78153.0,52,4,4,17,0,Mobile,4782
1399,40,Male,Mumbai,PhD,Married,81246.0,50,13,12,11,4,Tablet,4119
1400,48,Female,Pune,Masters,Single,97339.0,44,21,21,26,1,Mobile,2869
1401,28,Female,Bangalore,Bachelors,Married,66923.0,33,1,3,14,4,Tablet,1696
1402,30,Female,Mumbai,Bachelors,Single,255841.0,5,7,19,3,0,Laptop,3152
1403,27,Female,Delhi,Masters,Married,55378.0,52,7,3,5,0,Mobile,3930
1404,47,Female,Chennai,PhD,Single,93839.0,32,26,20,22,4,Laptop,3662
1405,38,Male,Pune,PhD,Single,53920.0,60,15,1,19,1,Mobile,2272
1406,49,Female,Hyderabad,,Single,39195.0,81,26,19,23,2,Mobile,3135
1407,46,Male,Chennai,Masters,Married,52024.0,29,24,15,25,1,Mobile,2679
1408,43,Male,Mumbai,Bachelors,Married,72250.0,60,22,13,10,0,Tablet,1891
1409,39,Male,Pune,Masters,Single,62675.0,54,12,4,28,2,Laptop,2968
1410,21,Female,Bangalore,Bachelors,Single,,66,1,4,5,1,Desktop,2980
1411,43,Female,Mumbai,PhD,Single,58542.0,23,19,5,23,0,Desktop,1324
1412,26,Female,Chennai,PhD,Single,52671.0,59,2,7,8,4,Mobile,3888
1413,40,Female,Bangalore,Bachelors,Married,58124.0,33,18,19,6,0,Laptop,2488
1414,33,Female,Hyderabad,PhD,Married,87074.0,46,7,5,27,2,Tablet,705
1415,36,Female,Chennai,Masters,Single,75077.0,68,9,8,19,2,Tablet,4586
1416,51,Female,Chennai,Bachelors,Married,53391.0,57,30,9,19,2,Mobile,4051
1417,30,Female,Mumbai,PhD,Single,83009.0,20,5,20,17,0,Mobile,3464
1418,21,Female,Pune,PhD,Single,23816.0,57,1,9,26,1,Desktop,4699
1419,35,Male,Bangalore,Bachelors,Married,61644.0,61,8,2,29,0,Desktop,3024
1420,29,Female,Bangalore,Bachelors,Single,82836.0,26,5,21,5,0,Laptop,1060
1421,32,Female,Bangalore,Bachelors,Single,82672.0,44,5,1,19,2,Tablet,1997
1422,35,Female,Chennai,,Married,83910.0,55,12,18,19,2,Desktop,542
1423,34,Male,Pune,PhD,Single,91507.0,47,13,23,6,2,Laptop,3472
1424,39,Male,Mumbai,Masters,Married,80013.0,44,14,19,23,0,Tablet,1976
1425,47,Male,Mumbai,Masters,Married,65241.0,50,20,3,21,3,Desktop,4163
1426,30,Male,Delhi,Masters,Single,60423.0,34,10,23,4,2,Desktop,4908
1427,28,Male,Chennai,Bachelors,Single,78522.0,41,2,18,18,2,Tablet,3750
1428,38,Female,Delhi,PhD,Married,331184.0,5,15,12,23,2,Tablet,2424
1429,47,Female,Pune,,Single,39552.0,68,24,14,7,2,Tablet,3604
1430,39,Male,Chennai,Masters,Single,61355.0,45,14,15,9,3,Desktop,4265
1431,27,Female,Pune,PhD,Married,75276.0,39,1,22,26,3,Laptop,3261
1432,28,Female,Chennai,Masters,Single,78098.0,43,7,2,8,1,Laptop,1841
1433,25,Male,Pune,PhD,Single,57144.0,74,4,17,14,2,Desktop,2934
1434,30,Male,Chennai,Masters,Single,35050.0,51,9,24,12,1,Desktop,3866
1435,47,Male,Pune,Masters,Single,105314.0,29,23,19,22,2,Tablet,2914
1436,22,Female,Chennai,Bachelors,Married,97490.0,54,1,6,17,2,Desktop,4349
1437,29,Female,Hyderabad,Bachelors,Married,87129.0,69,9,4,29,3,Mobile,2805
1438,49,Male,Pune,PhD,Married,81029.0,48,26,24,24,3,Laptop,1109
1439,50,Male,Hyderabad,PhD,Married,72841.0,37,30,13,6,0,Tablet,582
1440,21,Female,Bangalore,Bachelors,Single,92487.0,36,1,10,8,0,Tablet,869
1441,47,Male,Chennai,Masters,Married,84560.0,38,22,21,27,3,Desktop,4962
1442,35,Male,Delhi,Bachelors,Married,103549.0,31,12,19,26,3,Mobile,4356
1443,40,Male,Bangalore,PhD,Single,77183.0,53,16,15,3,0,Tablet,4664
1444,54,Female,Mumbai,PhD,Married,50537.0,21,27,1,13,1,Tablet,2129
1445,30,Female,Pune,PhD,Married,79993.0,51,9,13,26,2,Tablet,2493
1446,21,Male,Pune,Bachelors,Single,73086.0,71,1,19,16,1,Tablet,3056
1447,26,Male,Pune,Bachelors,Single,35644.0,57,4,1,24,4,Laptop,2373
1448,41,Female,Chennai,Bachelors,Married,43227.0,61,20,6,28,3,Laptop,4197
1449,35,Female,Chennai,Bachelors,Single,70053.0,5,12,11,28,0,Desktop,4851
1450,27,Female,Bangalore,PhD,Single,60536.0,47,3,15,3,2,Laptop,3481
1451,21,Male,Hyderabad,,Single,64420.0,42,1,5,19,1,Tablet,2568
1452,27,Female,Bangalore,,Married,81412.0,58,5,3,6,4,Tablet,695
1453,32,Female,Hyderabad,Bachelors,Married,107392.0,8,9,21,28,3,Tablet,4427
1454,45,Male,Pune,PhD,Married,80977.0,39,21,5,6,1,Mobile,1700
1455,36,Female,Bangalore,Bachelors,Married,82757.0,39,16,6,21,4,Mobile,3094
1456,42,Male,Hyderabad,Masters,Married,78353.0,57,22,17,14,2,Laptop,3442
1457,42,Female,Mumbai,Masters,Single,79472.0,30,22,13,16,3,Laptop,2147
1458,43,Male,Mumbai,Masters,Married,89516.0,55,19,18,24,0,Mobile,1220
1459,52,Male,Chennai,Bachelors,Single,,69,31,2,11,1,Desktop,4111
1460,31,Female,Chennai,PhD,Married,59832.0,38,6,19,24,3,Desktop,2910
1461,29,Female,Chennai,Bachelors,Single,80727.0,49,3,3,12,1,Mobile,948
1462,49,Male,Delhi,Bachelors,Married,80603.0,14,28,1,4,4,Laptop,4515
1463,33,Male,Chennai,PhD,Married,51491.0,53,6,7,26,1,Mobile,4666
1464,33,Female,Hyderabad,Masters,Single,84981.0,59,9,17,9,4,Desktop,692
1465,37,Female,Bangalore,PhD,Single,69085.0,34,15,15,23,2,Tablet,2963
1466,46,Male,Chennai,Masters,Married,76996.0,53,23,9,26,0,Mobile,1004
1467,42,Male,Mumbai,Bachelors,Married,63092.0,43,15,22,11,4,Desktop,4934
1468,39,Male,Mumbai,Bachelors,Single,61699.0,9,18,11,23,0,Tablet,1755
1469,38,Male,Delhi,PhD,Married,52059.0,39,16,8,24,3,Tablet,3298
1470,35,Male,Mumbai,Masters,Single,,45,12,18,4,4,Tablet,3104
1471,35,Male,Pune,Bachelors,Single,48442.0,39,12,22,16,2,Laptop,3121
1472,24,Male,Pune,Masters,Married,60948.0,45,2,11,29,2,Laptop,1397
1473,29,Female,Pune,Masters,Married,,52,6,24,17,0,Desktop,2455
1474,28,Male,Chennai,PhD,Married,97931.0,46,8,13,9,1,Tablet,4071
1475,37,Female,Delhi,,Single,91484.0,64,15,7,11,3,Mobile,2425
1476,49,Female,Pune,PhD,Married,73945.0,49,28,3,23,1,Mobile,1303
1477,42,Female,Mumbai,Masters,Single,68152.0,28,17,13,13,2,Desktop,1454
1478,22,Female,Delhi,PhD,Single,77979.0,54,1,11,17,0,Desktop,4301
1479,22,Male,Bangalore,Bachelors,Married,93117.0,35,1,18,19,0,Mobile,4834
1480,23,Male,Chennai,Masters,Single,53739.0,60,1,13,23,1,Desktop,1422
1481,27,Male,Pune,Masters,Single,66869.0,66,2,23,8,3,Tablet,4440
1482,40,Female,Delhi,Bachelors,Married,61787.0,40,17,5,24,4,Laptop,1107
1483,35,Female,Pune,PhD,Single,89601.0,47,11,16,8,0,Desktop,2603
1484,49,Male,Bangalore,Bachelors,Married,60617.0,57,23,22,8,2,Mobile,3847
1485,32,Male,Hyderabad,,Married,118989.0,18,10,16,15,0,Mobile,3350
1486,31,Female,Bangalore,Masters,Single,314589.0,13,9,16,23,2,Desktop,665
1487,51,Female,Bangalore,PhD,Single,74791.0,52,26,4,25,2,Mobile,3926
1488,23,Female,Mumbai,Masters,Single,34972.0,30,1,19,27,3,Laptop,2096
1489,49,Male,Hyderabad,PhD,Single,87684.0,60,23,11,27,3,Desktop,2758
1490,43,Male,Pune,PhD,Single,40261.0,30,16,5,29,4,Desktop,4134
1491,41,Female,Mumbai,Bachelors,Single,92817.0,41,18,10,22,0,Laptop,1537
1492,31,Female,Delhi,Masters,Married,109083.0,30,4,23,24,1,Laptop,1598
1493,41,Male,Mumbai,PhD,Married,109251.0,38,18,9,24,1,Mobile,1417
1494,39,Female,Mumbai,PhD,Single,94617.0,66,19,15,10,3,Desktop,2249
1495,37,Male,Mumbai,Masters,Married,66417.0,27,13,8,24,3,Mobile,3190
1496,48,Male,Hyderabad,Bachelors,Married,93683.0,45,21,2,6,1,Tablet,2110
1497,28,Female,Delhi,PhD,Single,60683.0,45,5,8,10,1,Desktop,2887
1498,36,Male,Bangalore,PhD,Single,47387.0,59,11,13,29,2,Mobile,3827
1499,29,Male,Bangalore,Masters,Married,57935.0,38,7,17,17,0,Desktop,1730
1500,51,Female,Bangalore,PhD,Single,66351.0,39,27,7,23,3,Tablet,4356
1120,46,Female,Bangalore,Bachelors,Married,65799.0,32,26,11,8,1,Laptop,3781
1332,40,Female,Pune,Masters,Married,80238.0,41,20,9,12,1,Tablet,2342
1060,40,Male,Pune,Bachelors,Married,39100.0,39,13,19,19,3,Desktop,895
1142,22,Female,Delhi,PhD,Married,,31,1,1,27,4,Mobile,1438
1450,27,Female,Bangalore,PhD,Single,60536.0,47,3,15,3,2,Laptop,3481
